generator,sample,N,mean,stdev,cv,share_02113_07887,bins,chi2,chi_result
modified_middle_square,1,5000,0.50064673,0.28622323,0.57170698,0.58940000,13,10.94880000,pass
modified_middle_square,2,5000,0.50522774,0.28939747,0.57280597,0.57480000,13,9.89840000,pass
modified_middle_square,3,5000,0.49953182,0.28704537,0.57462880,0.58020000,13,10.98520000,pass
modified_middle_square,4,5000,0.49343316,0.29060447,0.58894395,0.56780000,13,13.48120000,pass
modified_middle_square,5,5000,0.49374765,0.28957990,0.58649373,0.57940000,13,15.20240000,pass
modified_middle_square,6,5000,0.50739207,0.29077920,0.57308583,0.56580000,13,10.47040000,pass
modified_middle_square,7,5000,0.49365726,0.28686736,0.58110635,0.58660000,13,12.48280000,pass
modified_middle_square,8,5000,0.50137619,0.28708830,0.57260058,0.59120000,13,11.29200000,pass
modified_middle_square,9,5000,0.50023945,0.28945461,0.57863210,0.57660000,13,5.74360000,pass
modified_middle_square,10,5000,0.50431019,0.28627338,0.56765337,0.58560000,13,11.15160000,pass
modified_middle_square,11,5000,0.50179719,0.29002417,0.57797088,0.57540000,13,4.52160000,pass
modified_middle_square,12,5000,0.49860882,0.28792274,0.57745216,0.58220000,13,6.82000000,pass
modified_middle_square,13,5000,0.50092307,0.28879978,0.57653519,0.57700000,13,11.06840000,pass
modified_middle_square,14,5000,0.50967162,0.28871129,0.56646530,0.57480000,13,11.19840000,pass
modified_middle_square,15,5000,0.50675820,0.28819270,0.56869865,0.57960000,13,8.92080000,pass
modified_middle_square,16,5000,0.50644972,0.29157635,0.57572615,0.56580000,13,13.97000000,pass
modified_middle_square,17,5000,0.49403766,0.29109278,0.58921172,0.56940000,13,12.80000000,pass
modified_middle_square,18,5000,0.49465014,0.28648813,0.57917325,0.58560000,13,7.02280000,pass
modified_middle_square,19,5000,0.49585446,0.29016326,0.58517829,0.56800000,13,9.47200000,pass
modified_middle_square,20,5000,0.50268965,0.28866381,0.57423861,0.57880000,13,11.30760000,pass
modified_middle_product,1,5000,0.49455677,0.28847226,0.58329453,0.57840000,13,7.03320000,pass
modified_middle_product,2,5000,0.50562316,0.28927927,0.57212424,0.57260000,13,9.34720000,pass
modified_middle_product,3,5000,0.49696650,0.28949725,0.58252870,0.57360000,13,8.94680000,pass
modified_middle_product,4,5000,0.50307876,0.29000119,0.57645286,0.56880000,13,7.80280000,pass
modified_middle_product,5,5000,0.49883352,0.28515030,0.57163420,0.58840000,13,15.97200000,pass
modified_middle_product,6,5000,0.50040190,0.28752661,0.57459136,0.58140000,13,7.62600000,pass
modified_middle_product,7,5000,0.49244078,0.28578958,0.58035319,0.58560000,13,16.57000000,pass
modified_middle_product,8,5000,0.49322107,0.28436874,0.57655433,0.59000000,13,21.44240000,pass
modified_middle_product,9,5000,0.49930231,0.29084792,0.58250867,0.57120000,13,17.31360000,pass
modified_middle_product,10,5000,0.50187827,0.28726948,0.57238876,0.57940000,13,12.60240000,pass
modified_middle_product,11,5000,0.50014503,0.29029847,0.58042858,0.57020000,13,3.12280000,pass
modified_middle_product,12,5000,0.49636624,0.29142257,0.58711199,0.56440000,13,12.61800000,pass
modified_middle_product,13,5000,0.50680250,0.28698134,0.56625873,0.58240000,13,13.52280000,pass
modified_middle_product,14,5000,0.50176654,0.28910230,0.57616893,0.57960000,13,7.38160000,pass
modified_middle_product,15,5000,0.49881610,0.28740456,0.57617338,0.58160000,13,5.90480000,pass
modified_middle_product,16,5000,0.49661954,0.28995164,0.58385065,0.57620000,13,15.64960000,pass
modified_middle_product,17,5000,0.50478077,0.28888866,0.57230521,0.57680000,13,11.52600000,pass
modified_middle_product,18,5000,0.50332862,0.28953944,0.57524930,0.57880000,13,18.56160000,pass
modified_middle_product,19,5000,0.48971815,0.28666240,0.58536201,0.58220000,13,21.30720000,pass
modified_middle_product,20,5000,0.49883115,0.28884688,0.57904739,0.57440000,13,10.56400000,pass
modified_shuffle,1,5000,0.53191933,0.28239019,0.53088913,0.60580000,13,288.61840000,fail
modified_shuffle,2,5000,0.53236297,0.28251815,0.53068708,0.60480000,13,285.32160000,fail
modified_shuffle,3,5000,0.50900414,0.29232614,0.57430996,0.54700000,13,284.58320000,fail
modified_shuffle,4,5000,0.50868311,0.29258745,0.57518609,0.54620000,13,318.56000000,fail
modified_shuffle,5,5000,0.53372253,0.28239979,0.52911348,0.60580000,13,305.21160000,fail
modified_shuffle,6,5000,0.45776117,0.31183512,0.68121793,0.48180000,13,907.52240000,fail
modified_shuffle,7,5000,0.50910693,0.29241377,0.57436611,0.54520000,13,332.72480000,fail
modified_shuffle,8,5000,0.50884038,0.29170087,0.57326597,0.54920000,13,302.35160000,fail
modified_shuffle,9,5000,0.53154458,0.28221179,0.53092778,0.60620000,13,287.79680000,fail
modified_shuffle,10,5000,0.51026326,0.29301312,0.57423910,0.54360000,13,352.70840000,fail
modified_shuffle,11,5000,0.51092582,0.29244088,0.57237445,0.54540000,13,338.15360000,fail
modified_shuffle,12,5000,0.50953407,0.29370633,0.57642139,0.54320000,13,301.01520000,fail
modified_shuffle,13,5000,0.51053505,0.29280094,0.57351781,0.54580000,13,312.86080000,fail
modified_shuffle,14,5000,0.50969775,0.29277996,0.57441877,0.54480000,13,319.58960000,fail
modified_shuffle,15,5000,0.50718915,0.27934866,0.55077808,0.58440000,13,383.45080000,fail
modified_shuffle,16,5000,0.51101786,0.29283422,0.57304108,0.54380000,13,354.78320000,fail
modified_shuffle,17,5000,0.51177344,0.29272584,0.57198325,0.54460000,13,350.52960000,fail
modified_shuffle,18,5000,0.50890661,0.29193102,0.57364361,0.54820000,13,297.82760000,fail
modified_shuffle,19,5000,0.53298779,0.28261615,0.53024883,0.60480000,13,295.12360000,fail
modified_shuffle,20,5000,0.53026548,0.28217157,0.53213264,0.60620000,13,271.32320000,fail
std_mt19937,1,5000,0.49827710,0.28860326,0.57920234,0.57980000,13,6.74720000,pass
std_mt19937,2,5000,0.50559937,0.28979848,0.57317810,0.57680000,13,10.61080000,pass
std_mt19937,3,5000,0.50598218,0.29142316,0.57595539,0.56600000,13,17.75560000,pass
std_mt19937,4,5000,0.50329981,0.28719201,0.57061815,0.58360000,13,20.91200000,pass
std_mt19937,5,5000,0.50075359,0.28982720,0.57878207,0.56860000,13,13.98560000,pass
std_mt19937,6,5000,0.49993679,0.28570052,0.57147329,0.58800000,13,14.39120000,pass
std_mt19937,7,5000,0.49708544,0.28751918,0.57840998,0.57340000,13,23.88640000,fail
std_mt19937,8,5000,0.50237168,0.29104252,0.57933704,0.56460000,13,7.83400000,pass
std_mt19937,9,5000,0.49517663,0.28846821,0.58255619,0.57520000,13,8.14600000,pass
std_mt19937,10,5000,0.51059934,0.28948356,0.56694857,0.56900000,13,17.24600000,pass
std_mt19937,11,5000,0.50234277,0.28781318,0.57294183,0.57840000,13,2.43120000,pass
std_mt19937,12,5000,0.50025929,0.29033694,0.58037291,0.57020000,13,10.85000000,pass
std_mt19937,13,5000,0.49800311,0.28716170,0.57662632,0.58340000,13,12.42040000,pass
std_mt19937,14,5000,0.50149167,0.28995243,0.57817995,0.57700000,13,7.84960000,pass
std_mt19937,15,5000,0.50465488,0.28989357,0.57443926,0.57160000,13,9.26920000,pass
std_mt19937,16,5000,0.50083314,0.28966088,0.57835806,0.57580000,13,9.15480000,pass
std_mt19937,17,5000,0.50680237,0.28655599,0.56541961,0.58200000,13,10.91240000,pass
std_mt19937,18,5000,0.50208716,0.28614588,0.56991275,0.58320000,13,14.49520000,pass
std_mt19937,19,5000,0.50115032,0.28657892,0.57184224,0.58400000,13,7.67800000,pass
std_mt19937,20,5000,0.49726045,0.28593858,0.57502780,0.58780000,13,9.73200000,pass
